FIPS,Admin2,Province_State,Country_Region,last_update,latitude,longitude,Confirmed,Deaths,Recovered,Active,Combined_Key,Incident_Rate,Case_Fatality_Ratio,start_date,end_date,max_temp,min_temp,avg_temp
51097.0,King and Queen,Virginia,US,2021-01-20 05:21:54,37.71044922,-76.88689628,225,2,0,223,"King and Queen, Virginia, US",3202.846975088968,0.8888888888888888,2021-01-20,2021-01-21,8.7,-3.1,2.8
21157.0,Marshall,Kentucky,US,2021-01-20 05:21:54,36.88007070000001,-88.32803576,2000,27,0,1973,"Marshall, Kentucky, US",6430.868167202572,1.35,2021-01-20,2021-01-21,11.7,-5.0,3.35
36115.0,Washington,New York,US,2021-01-20 05:21:54,43.31153794,-73.43043448,1502,24,0,1478,"Washington, New York, US",2454.08796810666,1.5978695073235685,2021-01-20,2021-01-21,-0.6,-11.1,-5.85
47061.0,Grundy,Tennessee,US,2021-01-20 05:21:54,35.38433717,-85.72142731,1450,21,0,1372,"Grundy, Tennessee, US",10374.618306397557,1.5075376884422111,2021-01-20,2021-01-21,8.5,0.7,4.6
17197.0,Will,Illinois,US,2021-01-20 05:21:54,41.44619267,-87.97862712,58408,800,0,57608,"Will, Illinois, US",8455.822208838888,1.3696753869332967,2021-01-20,2021-01-21,0.6,-11.1,-5.25
72113.0,Ponce,Puerto Rico,US,2021-01-20 05:21:54,18.059498,-66.613748,1897,0,0,1897,"Ponce, Puerto Rico, US",1438.4179677133172,0.0,2021-01-20,2021-01-21,32.2,18.9,25.55
40015.0,Caddo,Oklahoma,US,2021-01-20 05:21:54,35.17364557,-98.37534464,3330,43,0,3287,"Caddo, Oklahoma, US",11577.776232529031,1.2912912912912913,2021-01-20,2021-01-21,7.8,-3.9,1.95
22041.0,Franklin,Louisiana,US,2021-01-20 05:21:54,32.13675181,-91.67589857,2269,94,0,2175,"Franklin, Louisiana, US",11336.497626779916,4.142794182459233,2021-01-20,2021-01-21,13.0,10.0,11.5
20143.0,Ottawa,Kansas,US,2021-01-20 05:21:54,39.13237408,-97.65020313,480,10,0,470,"Ottawa, Kansas, US",8415.14726507714,2.083333333333333,2021-01-20,2021-01-21,8.3,-4.4,1.95
17113.0,McLean,Illinois,US,2021-01-20 05:21:54,40.48996987,-88.84621113,13244,129,0,13115,"McLean, Illinois, US",7721.683564894442,0.974025974025974,2021-01-20,2021-01-21,1.7,-12.2,-5.25
39083.0,Knox,Ohio,US,2021-01-20 05:21:54,40.39830217,-82.42027563,3401,92,0,3309,"Knox, Ohio, US",5457.1419402458205,2.7050867391943547,2021-01-20,2021-01-21,1.7,-4.4,-1.35
37087.0,Haywood,North Carolina,US,2021-01-20 05:21:54,35.55269063,-82.98196486,2944,75,0,2869,"Haywood, North Carolina, US",4724.232552914935,2.547554347826087,2021-01-20,2021-01-21,6.7,0.4,3.55
20163.0,Rooks,Kansas,US,2021-01-20 05:21:54,39.35022773,-99.32484567,589,11,0,578,"Rooks, Kansas, US",11971.544715447157,1.867572156196944,2021-01-20,2021-01-21,8.0,-6.4,0.8
27085.0,McLeod,Minnesota,US,2021-01-20 05:21:54,44.82367677,-94.27287017,3253,45,0,3208,"McLeod, Minnesota, US",9063.04850527958,1.3833384568090994,2021-01-20,2021-01-21,-7.2,-18.9,-13.05
19181.0,Warren,Iowa,US,2021-01-20 05:21:54,41.33559454,-93.56007641,4439,38,0,4401,"Warren, Iowa, US",8625.111724245133,0.8560486596080198,2021-01-20,2021-01-21,2.8,-12.8,-5.0
,,,Poland,2021-01-20 05:21:54,51.9194,19.1451,1443804,33698,1197034,213072,Poland,3814.883792086503,2.3339733093965664,2021-01-20,2021-01-21,5.0,1.0,3.0
45041.0,Florence,South Carolina,US,2021-01-20 05:21:54,34.02361754,-79.70189312,13886,316,0,13570,"Florence, South Carolina, US",10040.999905996689,2.2756733400547318,2021-01-20,2021-01-21,16.7,2.2,9.45
,,,Lesotho,2021-01-20 05:21:54,-29.61,28.2336,7018,101,1652,5265,Lesotho,327.59918067528935,1.439156454830436,2021-01-20,2021-01-21,23.3,11.1,17.2
24017.0,Charles,Maryland,US,2021-01-20 05:21:54,38.51092331,-76.98580666,7303,136,0,7167,"Charles, Maryland, US",4473.31507990469,1.862248391072162,2021-01-20,2021-01-21,6.4,-3.6,1.4
,,,Comoros,2021-01-20 05:21:54,-11.6455,43.3333,1864,51,1144,669,Comoros,214.35265842144904,2.736051502145923,2021-01-20,2021-01-21,30.0,28.0,29.0
28129.0,Smith,Mississippi,US,2021-01-20 05:21:54,32.01744532,-89.50644846,1214,24,0,1190,"Smith, Mississippi, US",7627.544609198291,1.9769357495881383,2021-01-20,2021-01-21,15.9,10.4,13.15
,,Limburg,Netherlands,2021-01-20 05:21:54,51.209227,5.93387,58465,1224,0,57193,"Limburg, Netherlands",5228.692061679143,2.0919284430368914,2021-01-20,2021-01-21,11.3,6.2,8.75
19167.0,Sioux,Iowa,US,2021-01-20 05:21:54,43.08221074,-96.1767568,4551,57,0,4494,"Sioux, Iowa, US",13056.950222349737,1.2524719841793013,2021-01-20,2021-01-21,7.8,-11.7,-1.95
28117.0,Prentiss,Mississippi,US,2021-01-20 05:21:54,34.61810501,-88.51986294,2465,52,0,2413,"Prentiss, Mississippi, US",9810.554803788904,2.109533468559838,2021-01-20,2021-01-21,9.0,0.0,4.5
6045.0,Mendocino,California,US,2021-01-20 05:21:54,39.4381191,-123.3911313,2986,32,0,2952,"Mendocino, California, US",3439.8091044277166,1.0723860589812333,2021-01-20,2021-01-21,14.8,2.2,8.5
,,,Congo (Kinshasa),2021-01-20 05:21:54,-4.0383,21.7587,21140,640,14812,5688,Congo (Kinshasa),23.603917598254714,3.0274361400189216,2021-01-20,2021-01-21,27.4,21.9,24.65
13067.0,Cobb,Georgia,US,2021-01-20 05:21:54,33.94243204,-84.5761255,56680,654,0,56026,"Cobb, Georgia, US",7456.511357761257,1.1538461538461535,2021-01-20,2021-01-21,11.7,5.4,8.55
36053.0,Madison,New York,US,2021-01-20 05:21:54,42.91653905,-75.67266639,3149,76,0,3073,"Madison, New York, US",4438.899930928518,2.4134645919339475,2021-01-20,2021-01-21,-3.0,-11.9,-7.45
19143.0,Osceola,Iowa,US,2021-01-20 05:21:54,43.37824276,-95.62422844,640,9,0,631,"Osceola, Iowa, US",10741.859684457871,1.40625,2021-01-20,2021-01-21,-0.6,-14.4,-7.5
29213.0,Taney,Missouri,US,2021-01-20 05:21:54,36.65465345,-93.04075153,4239,60,0,4179,"Taney, Missouri, US",7579.387784294093,1.4154281670205238,2021-01-20,2021-01-21,11.1,-6.1,2.5
47027.0,Clay,Tennessee,US,2021-01-20 05:21:54,36.55151008,-85.53930419,1003,26,0,914,"Clay, Tennessee, US",12344.057780695995,2.765957446808511,2021-01-20,2021-01-21,14.4,-3.3,5.55
39099.0,Mahoning,Ohio,US,2021-01-20 05:21:54,41.01631101,-80.77287029,16931,535,0,16397,"Mahoning, Ohio, US",7403.698569635697,3.1539779103419763,2021-01-20,2021-01-21,-1.1,-6.7,-3.9
19095.0,Iowa,Iowa,US,2021-01-20 05:21:54,41.68630265,-92.0643373,1254,22,0,1232,"Iowa, Iowa, US",7748.393475037074,1.7543859649122806,2021-01-20,2021-01-21,1.1,-16.7,-7.8
47147.0,Robertson,Tennessee,US,2021-01-20 05:21:54,36.52454807,-86.87346725,7989,85,0,7581,"Robertson, Tennessee, US",10674.947432916046,1.1087920688755544,2021-01-20,2021-01-21,12.2,-1.7,5.25
18065.0,Henry,Indiana,US,2021-01-20 05:21:54,39.93029017,-85.39625719,4977,77,0,4900,"Henry, Indiana, US",10374.80196781456,1.5471167369901546,2021-01-20,2021-01-21,2.2,-9.4,-3.6
48163.0,Frio,Texas,US,2021-01-20 05:21:54,28.86751206,-99.10804207,2047,24,0,2124,"Frio, Texas, US",10578.15424012607,1.11731843575419,2021-01-20,2021-01-21,20.6,8.9,14.75
30063.0,Missoula,Montana,US,2021-01-20 05:21:54,47.03728583,-113.92135079999998,7273,60,0,7213,"Missoula, Montana, US",6081.103678929766,0.8249690636601128,2021-01-20,2021-01-21,3.3,-4.1,-0.4
,,Saint Petersburg,Russia,2021-01-20 05:21:54,59.9606739,30.158655100000004,304045,8971,190562,104512,"Saint Petersburg, Russia",5681.029384699179,2.9505500830469176,2021-01-20,2021-01-21,-5.0,-11.0,-8.0
28135.0,Tallahatchie,Mississippi,US,2021-01-20 05:21:54,33.95339918,-90.1729398,1419,34,0,1385,"Tallahatchie, Mississippi, US",10275.90701716272,2.3960535588442564,2021-01-20,2021-01-21,11.9,5.6,8.75
26163.0,Wayne,Michigan,US,2021-01-20 05:21:54,42.28098405,-83.281255,93373,3866,0,89507,"Wayne, Michigan, US",5337.6038890029,4.140383194285286,2021-01-20,2021-01-21,-0.2,-8.0,-4.1
40067.0,Jefferson,Oklahoma,US,2021-01-20 05:21:54,34.11130184,-97.83182974,583,4,0,579,"Jefferson, Oklahoma, US",9713.428857047653,0.6861063464837049,2021-01-20,2021-01-21,7.0,3.0,5.0
50001.0,Addison,Vermont,US,2021-01-20 05:21:54,44.03217337,-73.14130877,527,5,0,522,"Addison, Vermont, US",1432.960817902493,0.9487666034155596,2021-01-20,2021-01-21,-4.4,-17.2,-10.8
4001.0,Apache,Arizona,US,2021-01-20 05:21:54,35.39465006,-109.4892383,8705,278,0,8427,"Apache, Arizona, US",12109.282624118408,3.193566915565767,2021-01-20,2021-01-21,7.4,-1.9,2.75
37089.0,Henderson,North Carolina,US,2021-01-20 05:21:54,35.33788927,-82.4766782,6952,100,0,6852,"Henderson, North Carolina, US",5920.7780815384485,1.43843498273878,2021-01-20,2021-01-21,12.8,-2.8,5.0
72151.0,Yabucoa,Puerto Rico,US,2021-01-20 05:21:54,18.070399,-65.896289,619,0,0,619,"Yabucoa, Puerto Rico, US",1917.477231893935,0.0,2021-01-20,2021-01-21,28.9,22.8,25.85
31151.0,Saline,Nebraska,US,2021-01-20 05:21:54,40.52418865,-97.14085859,1829,3,0,1826,"Saline, Nebraska, US",12858.548931383575,0.164024056861673,2021-01-20,2021-01-21,12.6,-4.4,4.1
,,Bermuda,United Kingdom,2021-01-20 05:21:54,32.3078,-64.7505,684,12,603,69,"Bermuda, United Kingdom",1098.3893501196344,1.7543859649122806,2021-01-20,2021-01-21,20.2,17.0,18.6
48387.0,Red River,Texas,US,2021-01-20 05:21:54,33.61886692,-95.04841765,591,31,0,518,"Red River, Texas, US",4566.248024619479,5.646630236794171,2021-01-20,2021-01-21,8.9,6.1,7.5
13263.0,Talbot,Georgia,US,2021-01-20 05:21:54,32.69642758,-84.53351366,378,11,0,367,"Talbot, Georgia, US",6101.6949152542375,2.9100529100529102,2021-01-20,2021-01-21,17.2,-1.1,8.05
22091.0,St. Helena,Louisiana,US,2021-01-20 05:21:54,30.82210324,-90.71013176,805,7,0,798,"St. Helena, Louisiana, US",7945.12435846822,0.8695652173913043,2021-01-20,2021-01-21,20.0,10.7,15.35
,,Tamil Nadu,India,2021-01-20 05:21:54,11.006091,78.400624,831866,12281,814098,5487,"Tamil Nadu, India",1068.669655646792,1.4763195033815542,2021-01-20,2021-01-21,31.9,22.6,27.25
,,Tyva Republic,Russia,2021-01-20 05:21:54,51.4017149,93.8582593,15197,183,13991,1023,"Tyva Republic, Russia",4723.643393986113,1.204185036520366,2021-01-20,2021-01-21,-10.7,-22.6,-16.65
2188.0,Northwest Arctic,Alaska,US,2021-01-20 05:21:54,67.04919196,-159.7503946,538,0,0,538,"Northwest Arctic, Alaska, US",7059.441018239077,0.0,2021-01-20,2021-01-21,-8.9,-19.2,-14.05
8097.0,Pitkin,Colorado,US,2021-01-20 05:21:54,39.21720112,-106.9310027,1698,4,0,1694,"Pitkin, Colorado, US",9557.043957899476,0.2355712603062426,2021-01-20,2021-01-21,1.4,-12.8,-5.7
48265.0,Kerr,Texas,US,2021-01-20 05:21:54,30.06040006,-99.34930144,3100,61,0,2959,"Kerr, Texas, US",5741.444866920152,2.019867549668874,2021-01-20,2021-01-21,9.2,5.2,7.2
48021.0,Bastrop,Texas,US,2021-01-20 05:21:54,30.10370699,-97.31206354,4972,57,0,4316,"Bastrop, Texas, US",4928.823416701419,1.303453007088955,2021-01-20,2021-01-21,14.4,10.7,12.55
22115.0,Vernon,Louisiana,US,2021-01-20 05:21:54,31.10884837,-93.18153838,2542,82,0,2460,"Vernon, Louisiana, US",5359.5901241856245,3.225806451612903,2021-01-20,2021-01-21,20.5,11.2,15.85
31113.0,Logan,Nebraska,US,2021-01-20 05:21:54,41.56650314,-100.4817851,71,0,0,71,"Logan, Nebraska, US",9491.978609625668,0.0,2021-01-20,2021-01-21,11.9,-4.8,3.55
,,Catalonia,Spain,2021-01-20 05:21:54,41.5912,1.5209,444330,9119,26203,409008,"Catalonia, Spain",5872.385540818386,2.0523034681430468,2021-01-20,2021-01-21,10.4,2.6,6.5
17129.0,Menard,Illinois,US,2021-01-20 05:21:54,40.02742725,-89.80246001,880,6,0,874,"Menard, Illinois, US",7215.480485405051,0.6818181818181818,2021-01-20,2021-01-21,4.4,-10.0,-2.8
12095.0,Orange,Florida,US,2021-01-20 05:21:54,28.51367621,-81.31799498,94273,850,0,93423,"Orange, Florida, US",6765.42859029231,0.9016367358628664,2021-01-20,2021-01-21,22.8,8.0,15.4
,,Yamaguchi,Japan,2021-01-20 05:21:54,34.201190000000004,131.573293,968,5,740,223,"Yamaguchi, Japan",71.26366377685639,0.5165289256198347,2021-01-20,2021-01-21,10.7,-2.8,3.95
40003.0,Alfalfa,Oklahoma,US,2021-01-20 05:21:54,36.73090616,-98.32408495,1044,5,0,1039,"Alfalfa, Oklahoma, US",18309.365135040334,0.4789272030651341,2021-01-20,2021-01-21,12.2,-3.9,4.15
48189.0,Hale,Texas,US,2021-01-20 05:21:54,34.07044901,-101.8268114,2114,135,0,5533,"Hale, Texas, US",16967.011914027422,2.3817925194071985,2021-01-20,2021-01-21,13.3,0.0,6.65
22047.0,Iberville,Louisiana,US,2021-01-20 05:21:54,30.25734305,-91.3499598,3080,77,0,3003,"Iberville, Louisiana, US",9473.716588231677,2.5,2021-01-20,2021-01-21,21.1,10.0,15.55
38097.0,Traill,North Dakota,US,2021-01-20 05:21:54,47.45367788,-97.16323288,943,18,0,931,"Traill, North Dakota, US",11809.357889497262,1.8967334035827184,2021-01-20,2021-01-21,4.1,-12.6,-4.25
42025.0,Carbon,Pennsylvania,US,2021-01-20 05:21:54,40.91545395,-75.7068525,3946,109,0,3837,"Carbon, Pennsylvania, US",6148.141223395968,2.7622909275215406,2021-01-20,2021-01-21,3.0,-3.6,-0.3
,,Aomori,Japan,2021-01-20 05:21:54,40.781541,140.828896,656,8,542,106,"Aomori, Japan",52.6328035552817,1.2195121951219512,2021-01-20,2021-01-21,-0.5,-7.0,-3.75
37005.0,Alleghany,North Carolina,US,2021-01-20 05:21:54,36.49360862,-81.12857041,771,3,0,768,"Alleghany, North Carolina, US",6922.869713567388,0.3891050583657587,2021-01-20,2021-01-21,10.0,0.0,5.0
26069.0,Iosco,Michigan,US,2021-01-20 05:21:54,44.35486835,-83.63484895,1208,58,0,1150,"Iosco, Michigan, US",4807.577506268158,4.801324503311259,2021-01-20,2021-01-21,-3.2,-7.7,-5.45
16083.0,Twin Falls,Idaho,US,2021-01-20 05:21:54,42.35440512,-114.6685381,8554,118,0,8436,"Twin Falls, Idaho, US",9845.990929809615,1.3794715922375498,2021-01-20,2021-01-21,5.0,-8.9,-1.95
45007.0,Anderson,South Carolina,US,2021-01-20 05:21:54,34.51828081,-82.63959517,15596,327,0,15269,"Anderson, South Carolina, US",7699.52309955667,2.096691459348551,2021-01-20,2021-01-21,15.4,1.5,8.45
21143.0,Lyon,Kentucky,US,2021-01-20 05:21:54,37.02080035,-88.07886257,385,11,0,374,"Lyon, Kentucky, US",4689.403166869671,2.857142857142857,2021-01-20,2021-01-21,12.2,-1.1,5.55
30047.0,Lake,Montana,US,2021-01-20 05:21:54,47.64514965,-114.0898013,1739,19,0,1720,"Lake, Montana, US",5709.501608772736,1.092581943645773,2021-01-20,2021-01-21,3.3,-2.2,0.55
19087.0,Henry,Iowa,US,2021-01-20 05:21:54,40.98767962,-91.54436349,2643,30,0,2613,"Henry, Iowa, US",13245.464568507568,1.135073779795687,2021-01-20,2021-01-21,6.0,-12.0,-3.0
,,Kiev Oblast,Ukraine,2021-01-20 05:21:54,50.053,30.7667,66488,1069,46647,18772,"Kiev Oblast, Ukraine",3760.761111802437,1.607808927926844,2021-01-20,2021-01-21,-10.0,-24.0,-17.0
18037.0,Dubois,Indiana,US,2021-01-20 05:21:54,38.36597551,-86.87924170000002,5471,87,0,5384,"Dubois, Indiana, US",12801.853238487458,1.59020288795467,2021-01-20,2021-01-21,4.4,-4.4,0.0
19007.0,Appanoose,Iowa,US,2021-01-20 05:21:54,40.74324454,-92.86865906,1105,38,0,1067,"Appanoose, Iowa, US",8892.644455174634,3.438914027149321,2021-01-20,2021-01-21,3.6,-12.5,-4.45
18183.0,Whitley,Indiana,US,2021-01-20 05:21:54,41.13863784,-85.50791236,2972,33,0,2939,"Whitley, Indiana, US",8750.441644093746,1.110363391655451,2021-01-20,2021-01-21,0.6,-7.8,-3.6
,,Veracruz,Mexico,2021-01-20 05:21:54,19.1738,-96.1342,47227,6754,0,40473,"Veracruz, Mexico",553.0183040428523,14.301141296292377,2021-01-20,2021-01-21,28.0,17.0,22.5
47155.0,Sevier,Tennessee,US,2021-01-20 05:21:54,35.78077323,-83.52244332,10540,108,0,10426,"Sevier, Tennessee, US",10721.628498727736,1.0252515663565598,2021-01-20,2021-01-21,7.8,1.5,4.65
27035.0,Crow Wing,Minnesota,US,2021-01-20 05:21:54,46.48096553,-94.06755609,4827,74,0,4753,"Crow Wing, Minnesota, US",7419.875489970025,1.533043298114771,2021-01-20,2021-01-21,4.7,-18.0,-6.65
35006.0,Cibola,New Mexico,US,2021-01-20 05:21:54,34.91131525,-107.998876,2500,84,0,2416,"Cibola, New Mexico, US",9372.071227741331,3.36,2021-01-20,2021-01-21,3.8,-5.1,-0.65
23013.0,Knox,Maine,US,2021-01-20 05:21:54,44.11486325,-69.10529169,507,4,0,503,"Knox, Maine, US",1274.7661671527708,0.7889546351084813,2021-01-20,2021-01-21,-1.1,-9.4,-5.25
47013.0,Campbell,Tennessee,US,2021-01-20 05:21:54,36.40355516,-84.15108559999999,3315,40,0,3218,"Campbell, Tennessee, US",8177.300336328498,1.2277470841006752,2021-01-20,2021-01-21,9.0,0.0,4.5
51800.0,Suffolk,Virginia,US,2021-01-20 05:21:54,36.70155394,-76.63603554,5030,101,0,4929,"Suffolk, Virginia, US",5460.980588005385,2.0079522862823063,2021-01-20,2021-01-21,11.7,-1.4,5.15
19125.0,Marion,Iowa,US,2021-01-20 05:21:54,41.33445101,-93.09934783,3049,52,0,2997,"Marion, Iowa, US",9169.097525035337,1.7054772056411938,2021-01-20,2021-01-21,2.8,-11.1,-4.15
55115.0,Shawano,Wisconsin,US,2021-01-20 05:21:54,44.78902246,-88.76443896,4876,75,0,4801,"Shawano, Wisconsin, US",11922.051883909142,1.5381460213289582,2021-01-20,2021-01-21,1.0,-13.5,-6.25
,,,Costa Rica,2021-01-20 05:21:54,9.7489,-83.7534,186877,2477,144030,40370,Costa Rica,3668.488769587803,1.3254707641924903,2021-01-20,2021-01-21,24.8,19.3,22.05
,,Tver Oblast,Russia,2021-01-20 05:21:54,57.1134475,35.174442799999994,26580,490,21974,4116,"Tver Oblast, Russia",2070.298230432449,1.8434913468773515,2021-01-20,2021-01-21,-5.9,-13.7,-9.8
42105.0,Potter,Pennsylvania,US,2021-01-20 05:21:54,41.74471626,-77.89559864,775,17,0,758,"Potter, Pennsylvania, US",4689.580055669853,2.193548387096774,2021-01-20,2021-01-21,-1.1,-5.0,-3.05
47071.0,Hardin,Tennessee,US,2021-01-20 05:21:54,35.19732531,-88.18593755,3065,47,0,2942,"Hardin, Tennessee, US",11652.112895680648,1.5724322515891602,2021-01-20,2021-01-21,10.7,1.5,6.1
,,,Iraq,2021-01-20 05:21:54,33.223191,43.679291,609852,12962,573011,23879,Iraq,1516.1960457806415,2.1254337117858104,2021-01-20,2021-01-21,17.4,8.5,12.95
,,Tlaxcala,Mexico,2021-01-20 05:21:54,19.3139,-98.2404,13413,1651,0,11762,"Tlaxcala, Mexico",971.948774321364,12.30895399985089,2021-01-20,2021-01-21,21.4,8.1,14.75
26109.0,Menominee,Michigan,US,2021-01-20 05:21:54,45.58038692,-87.55370409,1800,36,0,1764,"Menominee, Michigan, US",7901.668129938543,2.0,2021-01-20,2021-01-21,-0.4,-14.1,-7.25
46069.0,Hyde,South Dakota,US,2021-01-20 05:21:54,44.54747703,-99.48572582,134,1,0,133,"Hyde, South Dakota, US",10299.769408147578,0.746268656716418,2021-01-20,2021-01-21,9.4,-7.2,1.1
31065.0,Furnas,Nebraska,US,2021-01-20 05:21:54,40.17642064,-99.91247454,395,4,0,391,"Furnas, Nebraska, US",8447.390932420873,1.0126582278481011,2021-01-20,2021-01-21,8.3,-10.6,-1.15
,,,Vanuatu,2021-01-20 05:21:54,-15.3767,166.9592,1,0,1,0,Vanuatu,0.3416700833675003,0.0,2021-01-20,2021-01-21,32.0,24.0,28.0
13071.0,Colquitt,Georgia,US,2021-01-20 05:21:54,31.18810588,-83.7677946,3699,58,0,3641,"Colquitt, Georgia, US",8111.842105263157,1.5679913490132469,2021-01-20,2021-01-21,20.0,8.3,14.15
22073.0,Ouachita,Louisiana,US,2021-01-20 05:21:54,32.47645559,-92.15704172,16181,347,0,15834,"Ouachita, Louisiana, US",10556.56678344718,2.144490451764415,2021-01-20,2021-01-21,11.7,8.3,10.0
28163.0,Yazoo,Mississippi,US,2021-01-20 05:21:54,32.77890365,-90.39656148,2470,56,0,2414,"Yazoo, Mississippi, US",8319.29942741664,2.2672064777327936,2021-01-20,2021-01-21,13.3,8.1,10.7
53003.0,Asotin,Washington,US,2021-01-20 05:21:54,46.18894415,-117.2022851,1147,25,0,1122,"Asotin, Washington, US",5079.266672571074,2.1795989537925022,2021-01-20,2021-01-21,3.9,-2.2,0.85
37027.0,Caldwell,North Carolina,US,2021-01-20 05:21:54,35.95204977,-81.54799522,7306,31,0,7275,"Caldwell, North Carolina, US",8890.457300007301,0.4243087872981111,2021-01-20,2021-01-21,12.8,-1.7,5.55
28113.0,Pike,Mississippi,US,2021-01-20 05:21:54,31.17507789,-90.40392572,2637,78,0,2559,"Pike, Mississippi, US",6711.973121563837,2.957906712172924,2021-01-20,2021-01-21,18.3,8.3,13.3
,,French Guiana,France,2021-01-20 05:21:54,4.0,-53.0,15055,76,9995,4984,"French Guiana, France",5040.477832611272,0.5048156758551976,2021-01-20,2021-01-21,29.3,21.9,25.6
31095.0,Jefferson,Nebraska,US,2021-01-20 05:21:54,40.17584531,-97.142601,590,1,0,589,"Jefferson, Nebraska, US",8373.545273914278,0.1694915254237288,2021-01-20,2021-01-21,7.2,-7.2,0.0
37099.0,Jackson,North Carolina,US,2021-01-20 05:21:54,35.28814273,-83.14093385,2767,20,0,2747,"Jackson, North Carolina, US",6297.510127907506,0.7228044813877846,2021-01-20,2021-01-21,4.4,-4.4,0.0
51047.0,Culpeper,Virginia,US,2021-01-20 05:21:54,38.48199985,-77.95630870000002,3520,30,0,3490,"Culpeper, Virginia, US",6691.379146468967,0.8522727272727273,2021-01-20,2021-01-21,9.0,-6.5,1.25
,,,Czechia,2021-01-20 05:21:54,49.8175,15.473,899503,14646,750376,134481,Czechia,8399.519207334553,1.6282324794914524,2021-01-20,2021-01-21,8.0,1.0,4.5
47053.0,Gibson,Tennessee,US,2021-01-20 05:21:54,35.99438059,-88.93358327,5725,111,0,5545,"Gibson, Tennessee, US",11511.611340646816,1.9625176803394624,2021-01-20,2021-01-21,8.9,-0.4,4.25
48455.0,Trinity,Texas,US,2021-01-20 05:21:54,31.0879489,-95.1367187,716,12,0,491,"Trinity, Texas, US",3433.212749982936,2.3856858846918487,2021-01-20,2021-01-21,16.7,11.5,14.1
18117.0,Orange,Indiana,US,2021-01-20 05:21:54,38.54118920000001,-86.49523093,1529,37,0,1492,"Orange, Indiana, US",7782.754759238522,2.419882275997384,2021-01-20,2021-01-21,11.1,-5.6,2.75
25005.0,Bristol,Massachusetts,US,2021-01-20 05:21:54,41.79228404,-71.10872211,45439,1058,0,44197,"Bristol, Massachusetts, US",8039.213257916871,2.733334800501772,2021-01-20,2021-01-21,5.0,-2.7,1.15
21089.0,Greenup,Kentucky,US,2021-01-20 05:21:54,38.54332505,-82.9215658,2852,21,0,2831,"Greenup, Kentucky, US",8125.819134993447,0.7363253856942497,2021-01-20,2021-01-21,8.9,0.6,4.75
10005.0,Sussex,Delaware,US,2021-01-20 05:21:54,38.66143781,-75.39031349,18844,376,0,18468,"Sussex, Delaware, US",8045.25563027004,1.995330078539588,2021-01-20,2021-01-21,7.8,-3.8,2.0
54063.0,Monroe,West Virginia,US,2021-01-20 05:21:54,37.56274716,-80.54577965,822,11,0,811,"Monroe, West Virginia, US",6192.090395480226,1.338199513381995,2021-01-20,2021-01-21,3.0,-3.0,0.0
21161.0,Mason,Kentucky,US,2021-01-20 05:21:54,38.59471935,-83.82151043,1131,24,0,1107,"Mason, Kentucky, US",6625.659050966608,2.122015915119364,2021-01-20,2021-01-21,8.3,-1.1,3.6
46087.0,McCook,South Dakota,US,2021-01-20 05:21:54,43.6742571,-97.36863144,710,22,0,688,"McCook, South Dakota, US",12710.347296813465,3.0985915492957745,2021-01-20,2021-01-21,5.6,-12.2,-3.3
8071.0,Las Animas,Colorado,US,2021-01-20 05:21:54,37.3153406,-104.0376458,876,10,0,866,"Las Animas, Colorado, US",6038.880463256583,1.1415525114155252,2021-01-20,2021-01-21,8.9,-7.8,0.55
,,Gelderland,Netherlands,2021-01-20 05:21:54,52.061738,5.939114,105260,1525,0,103601,"Gelderland, Netherlands",5040.096799926365,1.4581391367207563,2021-01-20,2021-01-21,10.8,6.1,8.45
51735.0,Poquoson,Virginia,US,2021-01-20 05:21:54,37.14259351,-76.35798148,489,7,0,482,"Poquoson, Virginia, US",3985.005297041806,1.4314928425357871,2021-01-20,2021-01-21,10.2,-0.3,4.95
37133.0,Onslow,North Carolina,US,2021-01-20 05:21:54,34.72607366,-77.42908179,11436,90,0,11346,"Onslow, North Carolina, US",5777.566712809062,0.7869884575026233,2021-01-20,2021-01-21,15.6,-0.6,7.5
13045.0,Carroll,Georgia,US,2021-01-20 05:21:54,33.58138199,-85.07976677,8856,145,0,8711,"Carroll, Georgia, US",7380.492032802187,1.637308039747064,2021-01-20,2021-01-21,13.9,-3.3,5.3
47009.0,Blount,Tennessee,US,2021-01-20 05:21:54,35.68938198,-83.92847788,12767,126,0,11903,"Blount, Tennessee, US",9038.380620341428,1.0474686175076895,2021-01-20,2021-01-21,8.9,0.6,4.75
,,,Liberia,2021-01-20 05:21:54,6.4280550000000005,-9.429499,1896,84,1707,105,Liberia,37.4875659319486,4.430379746835443,2021-01-20,2021-01-21,29.6,21.5,25.55
29087.0,Holt,Missouri,US,2021-01-20 05:21:54,40.09799248,-95.2163888,346,9,0,337,"Holt, Missouri, US",7858.278446513741,2.601156069364162,2021-01-20,2021-01-21,12.2,-4.8,3.7
,,Kurgan Oblast,Russia,2021-01-20 05:21:54,55.7655302,64.5632681,14040,202,12293,1545,"Kurgan Oblast, Russia",1660.4832195397717,1.4387464387464388,2021-01-20,2021-01-21,-14.4,-17.4,-15.9
29115.0,Linn,Missouri,US,2021-01-20 05:21:54,39.87001769,-93.10704106,484,9,0,475,"Linn, Missouri, US",4060.402684563759,1.859504132231405,2021-01-20,2021-01-21,7.2,-7.4,-0.1
39025.0,Clermont,Ohio,US,2021-01-20 05:21:54,39.04847534,-84.15375786,15335,187,0,15148,"Clermont, Ohio, US",7428.740287170345,1.2194326703619172,2021-01-20,2021-01-21,3.5,-1.1,1.2
54029.0,Hancock,West Virginia,US,2021-01-20 05:21:54,40.51943859,-80.57461608,2330,76,0,2254,"Hancock, West Virginia, US",8087.46962860118,3.2618025751072963,2021-01-20,2021-01-21,0.9,-6.8,-2.95
18165.0,Vermillion,Indiana,US,2021-01-20 05:21:54,39.8523352,-87.46160542,1458,34,0,1424,"Vermillion, Indiana, US",9407.66550522648,2.3319615912208507,2021-01-20,2021-01-21,1.5,-7.1,-2.8
51069.0,Frederick,Virginia,US,2021-01-20 05:21:54,39.20172582,-78.25974949,4955,38,0,4917,"Frederick, Virginia, US",5547.904560366352,0.7669021190716448,2021-01-20,2021-01-21,3.0,-6.0,-1.5
48321.0,Matagorda,Texas,US,2021-01-20 05:21:54,28.81955746,-96.01230294,2650,72,0,2530,"Matagorda, Texas, US",7100.946974865595,2.767102229054573,2021-01-20,2021-01-21,22.2,14.9,18.55
36049.0,Lewis,New York,US,2021-01-20 05:21:54,43.7844157,-75.44903992,1495,24,0,1471,"Lewis, New York, US",5685.275327045939,1.605351170568562,2021-01-20,2021-01-21,-0.6,-10.0,-5.3
,,,Moldova,2021-01-20 05:21:54,47.4116,28.3699,153506,3282,143766,6458,Moldova,3805.339810999754,2.1380271780907587,2021-01-20,2021-01-21,-2.0,-11.0,-6.5
72075.0,Juana Diaz,Puerto Rico,US,2021-01-20 05:21:54,18.050764,-66.49458100000001,704,0,0,704,"Juana Diaz, Puerto Rico, US",1575.684325969695,0.0,2021-01-20,2021-01-21,32.2,18.9,25.55
,,Chihuahua,Mexico,2021-01-20 05:21:54,28.633000000000006,-106.0691,38566,4690,0,33876,"Chihuahua, Mexico",1014.497747854984,12.16097080329824,2021-01-20,2021-01-21,17.2,8.2,12.7
16025.0,Camas,Idaho,US,2021-01-20 05:21:54,43.46665742,-114.8065892,58,0,0,58,"Camas, Idaho, US",5244.122965641953,0.0,2021-01-20,2021-01-21,6.6,-10.9,-2.15
13277.0,Tift,Georgia,US,2021-01-20 05:21:54,31.45743864,-83.5236119,4219,92,0,4127,"Tift, Georgia, US",10380.375947249286,2.180611519317374,2021-01-20,2021-01-21,17.2,-2.8,7.2
8027.0,Custer,Colorado,US,2021-01-20 05:21:54,38.10883162,-105.3683478,156,1,0,155,"Custer, Colorado, US",3078.1373322809786,0.6410256410256411,2021-01-20,2021-01-21,3.0,-12.6,-4.8
,,Bashkortostan Republic,Russia,2021-01-20 05:21:54,54.8573563,57.1439682,22235,167,16743,5325,"Bashkortostan Republic, Russia",547.2162603090646,0.7510681358219025,2021-01-20,2021-01-21,-11.5,-20.0,-15.75
28131.0,Stone,Mississippi,US,2021-01-20 05:21:54,30.79187949,-89.11547539,1447,21,0,1426,"Stone, Mississippi, US",7891.579406631763,1.4512785072563923,2021-01-20,2021-01-21,21.1,9.4,15.25
27137.0,St. Louis,Minnesota,US,2021-01-20 05:21:54,47.6048407,-92.46879855,13690,241,0,13449,"St. Louis, Minnesota, US",6876.977947455669,1.760409057706355,2021-01-20,2021-01-21,0.6,-22.5,-10.95
13059.0,Clarke,Georgia,US,2021-01-20 05:21:54,33.95436462,-83.37124007,12039,81,0,11958,"Clarke, Georgia, US",9381.209528484933,0.672813356591079,2021-01-20,2021-01-21,15.7,4.3,10.0
28013.0,Calhoun,Mississippi,US,2021-01-20 05:21:54,33.93683395,-89.33686647,1365,21,0,1344,"Calhoun, Mississippi, US",9504.909128890746,1.5384615384615383,2021-01-20,2021-01-21,15.0,0.6,7.8
31185.0,York,Nebraska,US,2021-01-20 05:21:54,40.87272618,-97.59710186,1335,9,0,1326,"York, Nebraska, US",9759.485342495796,0.6741573033707865,2021-01-20,2021-01-21,7.2,-5.6,0.8
39053.0,Gallia,Ohio,US,2021-01-20 05:21:54,38.82708533,-82.31647569,1921,32,0,1889,"Gallia, Ohio, US",6425.178941735233,1.665799062988027,2021-01-20,2021-01-21,8.9,-1.1,3.9
22043.0,Grant,Louisiana,US,2021-01-20 05:21:54,31.59882456,-92.56124347,1745,42,0,1703,"Grant, Louisiana, US",7794.00598508196,2.4068767908309456,2021-01-20,2021-01-21,15.6,10.6,13.1
12113.0,Santa Rosa,Florida,US,2021-01-20 05:21:54,30.693414500000006,-87.02458128,13958,178,0,13780,"Santa Rosa, Florida, US",7572.987255375367,1.275254334431867,2021-01-20,2021-01-21,20.6,5.0,12.8
47151.0,Scott,Tennessee,US,2021-01-20 05:21:54,36.42325673,-84.50360494,2553,31,0,2231,"Scott, Tennessee, US",10250.135943447523,1.370468611847922,2021-01-20,2021-01-21,12.8,-4.4,4.2
38089.0,Stark,North Dakota,US,2021-01-20 05:21:54,46.80851182,-102.6576326,4187,47,0,4146,"Stark, North Dakota, US",13315.761059417577,1.1209158120677318,2021-01-20,2021-01-21,3.9,-5.0,-0.55
38007.0,Billings,North Dakota,US,2021-01-20 05:21:54,47.02366884,-103.3762965,53,0,0,53,"Billings, North Dakota, US",5711.206896551724,0.0,2021-01-20,2021-01-21,3.8,-3.5,0.15
,,Sinaloa,Mexico,2021-01-20 05:21:54,25.1721,-107.4795,29098,4452,0,24646,"Sinaloa, Mexico",921.793001114464,15.300020619973882,2021-01-20,2021-01-21,20.4,13.0,16.7
22055.0,Lafayette,Louisiana,US,2021-01-20 05:21:54,30.2049055,-92.06959876,19427,218,0,19209,"Lafayette, Louisiana, US",7949.1795899995905,1.1221495856282493,2021-01-20,2021-01-21,21.1,10.6,15.85
42119.0,Union,Pennsylvania,US,2021-01-20 05:21:54,40.96188846,-77.05996014,3537,62,0,3475,"Union, Pennsylvania, US",7873.472386082853,1.7528979361040429,2021-01-20,2021-01-21,1.7,-6.7,-2.5
26007.0,Alpena,Michigan,US,2021-01-20 05:21:54,45.03477666,-83.62212411,1365,42,0,1323,"Alpena, Michigan, US",4805.491990846682,3.076923076923077,2021-01-20,2021-01-21,-3.2,-9.3,-6.25
42043.0,Dauphin,Pennsylvania,US,2021-01-20 05:21:54,40.41377078,-76.77993242,16834,393,0,16441,"Dauphin, Pennsylvania, US",6048.889863060953,2.334561007484852,2021-01-20,2021-01-21,5.0,-3.9,0.55
12083.0,Marion,Florida,US,2021-01-20 05:21:54,29.21227113,-82.05803627,22424,553,0,21871,"Marion, Florida, US",6133.831538463643,2.466107741705316,2021-01-20,2021-01-21,22.2,0.6,11.4
55019.0,Clark,Wisconsin,US,2021-01-20 05:21:54,44.73483377,-90.61207486,3351,58,0,3293,"Clark, Wisconsin, US",9636.510036233967,1.7308266189197254,2021-01-20,2021-01-21,0.4,-19.6,-9.6
31127.0,Nemaha,Nebraska,US,2021-01-20 05:21:54,40.38514847,-95.85433992,542,12,0,530,"Nemaha, Nebraska, US",7773.952954675846,2.2140221402214024,2021-01-20,2021-01-21,11.7,-7.2,2.25
,,Atlantico,Colombia,2021-01-20 05:21:54,10.6966,-74.8741,106949,3665,99071,4213,"Atlantico, Colombia",4218.035217275215,3.4268670113792554,2021-01-20,2021-01-21,34.0,25.0,29.5
,,,Ghana,2021-01-20 05:21:54,7.9465,-1.0232,58431,358,55899,2174,Ghana,188.04461566163104,0.6126884701613869,2021-01-20,2021-01-21,36.7,20.7,28.7
12033.0,Escambia,Florida,US,2021-01-20 05:21:54,30.67652764,-87.37284571,27733,448,0,27285,"Escambia, Florida, US",8712.411565865366,1.615404031298453,2021-01-20,2021-01-21,20.0,7.2,13.6
39043.0,Erie,Ohio,US,2021-01-20 05:21:54,41.36796058,-82.62904521,5976,136,0,5840,"Erie, Ohio, US",8046.750868499717,2.275769745649264,2021-01-20,2021-01-21,0.0,-5.5,-2.75
18115.0,Ohio,Indiana,US,2021-01-20 05:21:54,38.955305,-84.96515993,472,10,0,462,"Ohio, Indiana, US",8034.04255319149,2.1186440677966103,2021-01-20,2021-01-21,3.0,-2.2,0.4
,,San Andres y Providencia,Colombia,2021-01-20 05:21:54,12.5567,-81.7185,2557,42,2472,43,"San Andres y Providencia, Colombia",4172.650130548303,1.6425498631208448,2021-01-20,2021-01-21,30.0,25.0,27.5
48405.0,San Augustine,Texas,US,2021-01-20 05:21:54,31.39457611,-94.17000399,368,26,0,470,"San Augustine, Texas, US",6021.609809396625,5.241935483870968,2021-01-20,2021-01-21,20.0,8.3,14.15
27045.0,Fillmore,Minnesota,US,2021-01-20 05:21:54,43.67394126,-92.08980382,1235,5,0,1230,"Fillmore, Minnesota, US",5862.24901504723,0.4048582995951417,2021-01-20,2021-01-21,-4.4,-16.1,-10.25
13119.0,Franklin,Georgia,US,2021-01-20 05:21:54,34.37525597,-83.23159927,2171,30,0,2141,"Franklin, Georgia, US",9298.042742729882,1.381851681252879,2021-01-20,2021-01-21,14.8,5.2,10.0
51095.0,James City,Virginia,US,2021-01-20 05:21:54,37.31156958,-76.76950618,2825,36,0,2789,"James City, Virginia, US",3691.7005344798295,1.2743362831858407,2021-01-20,2021-01-21,11.0,-1.0,5.0
,,,Romania,2021-01-20 05:21:54,45.9432,24.9668,697898,17369,630236,50293,Romania,3627.765548884736,2.4887591023330056,2021-01-20,2021-01-21,1.2,-5.0,-1.9
20053.0,Ellsworth,Kansas,US,2021-01-20 05:21:54,38.69677695,-98.20462799,1141,18,0,1123,"Ellsworth, Kansas, US",18698.78728285808,1.5775635407537247,2021-01-20,2021-01-21,8.9,-5.6,1.65
,,Narino,Colombia,2021-01-20 05:21:54,1.2892,-77.3579,40985,1177,36436,3372,"Narino, Colombia",2513.504297825575,2.87178235939978,2021-01-20,2021-01-21,20.4,11.9,16.15
40135.0,Sequoyah,Oklahoma,US,2021-01-20 05:21:54,35.49447108,-94.75463785,3273,23,0,3250,"Sequoyah, Oklahoma, US",7873.655849310784,0.7027192178429575,2021-01-20,2021-01-21,6.0,-2.0,2.0
17065.0,Hamilton,Illinois,US,2021-01-20 05:21:54,38.08163641,-88.53883373,717,14,0,703,"Hamilton, Illinois, US",8834.401182848695,1.9525801952580195,2021-01-20,2021-01-21,6.5,-4.9,0.8
20023.0,Cheyenne,Kansas,US,2021-01-20 05:21:54,39.78580976,-101.7318201,330,11,0,319,"Cheyenne, Kansas, US",12420.02258185924,3.333333333333333,2021-01-20,2021-01-21,5.6,-7.8,-1.1
72019.0,Barranquitas,Puerto Rico,US,2021-01-20 05:21:54,18.201592,-66.30963,693,0,0,693,"Barranquitas, Puerto Rico, US",2499.549143372408,0.0,2021-01-20,2021-01-21,29.8,21.1,25.45
,,Ibaraki,Japan,2021-01-20 05:21:54,36.303588,140.319591,3941,45,2911,985,"Ibaraki, Japan",137.78241286687057,1.141842172037554,2021-01-20,2021-01-21,7.0,-8.0,-0.5
72005.0,Aguadilla,Puerto Rico,US,2021-01-20 05:21:54,18.459681,-67.12081500000001,982,0,0,982,"Aguadilla, Puerto Rico, US",1953.6456779070925,0.0,2021-01-20,2021-01-21,30.0,21.1,25.55
40113.0,Osage,Oklahoma,US,2021-01-20 05:21:54,36.62888819,-96.39635704,3751,34,0,3717,"Osage, Oklahoma, US",7987.138811404723,0.9064249533457744,2021-01-20,2021-01-21,8.5,-3.0,2.75
38075.0,Renville,North Dakota,US,2021-01-20 05:21:54,48.71982533,-101.6603912,286,13,0,272,"Renville, North Dakota, US",12247.529007305544,4.56140350877193,2021-01-20,2021-01-21,3.1,-2.7,0.2
51125.0,Nelson,Virginia,US,2021-01-20 05:21:54,37.78790447,-78.88498513,523,4,0,519,"Nelson, Virginia, US",3503.014065639652,0.7648183556405354,2021-01-20,2021-01-21,7.0,-2.6,2.2
29035.0,Carter,Missouri,US,2021-01-20 05:21:54,36.94160441,-90.96051322,405,7,0,398,"Carter, Missouri, US",6770.310932798395,1.728395061728395,2021-01-20,2021-01-21,8.1,-4.1,2.0
54073.0,Pleasants,West Virginia,US,2021-01-20 05:21:54,39.37091679,-81.16771771,726,11,0,715,"Pleasants, West Virginia, US",9731.903485254692,1.5151515151515151,2021-01-20,2021-01-21,7.8,-2.8,2.5
47083.0,Houston,Tennessee,US,2021-01-20 05:21:54,36.28872054,-87.71878828,971,22,0,917,"Houston, Tennessee, US",11449.823192293625,2.3429179978700745,2021-01-20,2021-01-21,13.3,-1.7,5.8
47025.0,Claiborne,Tennessee,US,2021-01-20 05:21:54,36.48319149,-83.65947309,2171,29,0,2130,"Claiborne, Tennessee, US",6755.530523483213,1.3432144511347843,2021-01-20,2021-01-21,9.7,-2.3,3.7
48083.0,Coleman,Texas,US,2021-01-20 05:21:54,31.76736834,-99.45240766,651,20,0,559,"Coleman, Texas, US",7082.568807339449,3.454231433506045,2021-01-20,2021-01-21,9.4,2.5,5.95
72045.0,Comerio,Puerto Rico,US,2021-01-20 05:21:54,18.224687,-66.221622,491,0,0,491,"Comerio, Puerto Rico, US",2632.990132990133,0.0,2021-01-20,2021-01-21,28.0,23.0,25.5
30025.0,Fallon,Montana,US,2021-01-20 05:21:54,46.33478338,-104.4183565,271,2,0,269,"Fallon, Montana, US",9522.136331693606,0.7380073800738007,2021-01-20,2021-01-21,3.3,-6.7,-1.7
54109.0,Wyoming,West Virginia,US,2021-01-20 05:21:54,37.612327,-81.54511071,1441,25,0,1416,"Wyoming, West Virginia, US",7065.803667745416,1.7349063150589867,2021-01-20,2021-01-21,6.1,-2.8,1.65
47003.0,Bedford,Tennessee,US,2021-01-20 05:21:54,35.51123746,-86.45549096,5449,89,0,5239,"Bedford, Tennessee, US",10717.518556514391,1.6704204204204205,2021-01-20,2021-01-21,8.9,-2.8,3.05
51530.0,Buena Vista,Virginia,US,2021-01-20 05:21:54,37.73484642,-79.35296097,647,9,0,638,"Buena Vista, Virginia, US",9987.650509416486,1.3910355486862442,2021-01-20,2021-01-21,9.4,-2.8,3.3
,,Uttar Pradesh,India,2021-01-20 05:21:54,26.925425,80.560982,597238,8584,580482,8172,"Uttar Pradesh, India",251.0640484717837,1.4372829592222869,2021-01-20,2021-01-21,21.1,11.1,16.1
,,,Belize,2021-01-20 05:21:54,17.1899,-88.4976,11615,283,10866,466,Belize,2921.123381310343,2.4365045200172197,2021-01-20,2021-01-21,27.8,23.0,25.4
72087.0,Loiza,Puerto Rico,US,2021-01-20 05:21:54,18.425688,-65.89943000000001,702,0,0,702,"Loiza, Puerto Rico, US",2859.1210849997965,0.0,2021-01-20,2021-01-21,28.9,22.8,25.85
48347.0,Nacogdoches,Texas,US,2021-01-20 05:21:54,31.62017125,-94.61803994,4071,111,0,3395,"Nacogdoches, Texas, US",5376.970737991534,3.166001140901312,2021-01-20,2021-01-21,16.7,9.4,13.05
,,,Lebanon,2021-01-20 05:21:54,33.8547,35.8623,260315,2020,156084,102211,Lebanon,3813.892199215816,0.7759829437412366,2021-01-20,2021-01-21,4.8,1.1,2.95
54087.0,Roane,West Virginia,US,2021-01-20 05:21:54,38.71622686,-81.35243568,407,6,0,401,"Roane, West Virginia, US",2973.407364114553,1.4742014742014742,2021-01-20,2021-01-21,6.1,-2.2,1.95
8013.0,Boulder,Colorado,US,2021-01-20 05:21:54,40.09313619,-105.3546767,16393,193,0,16200,"Boulder, Colorado, US",5025.506137414315,1.177331787958275,2021-01-20,2021-01-21,14.0,-6.0,4.0
,,Hokkaido,Japan,2021-01-20 05:21:54,43.385711,142.552318,16031,546,13695,1790,"Hokkaido, Japan",305.3495310234248,3.405901066683301,2021-01-20,2021-01-21,-8.0,-13.0,-10.5
4005.0,Coconino,Arizona,US,2021-01-20 05:21:54,35.83883429,-111.7707178,14196,246,0,13950,"Coconino, Arizona, US",9894.337728958151,1.7328825021132714,2021-01-20,2021-01-21,4.4,-5.6,-0.6
50003.0,Bennington,Vermont,US,2021-01-20 05:21:54,43.03519828,-73.09048868,784,3,0,781,"Bennington, Vermont, US",2210.3185790809134,0.3826530612244898,2021-01-20,2021-01-21,-1.1,-10.0,-5.55
,,Zacatecas,Mexico,2021-01-20 05:21:54,22.7709,-102.5832,23422,1949,0,21473,"Zacatecas, Mexico",1405.5229575150652,8.321236444368543,2021-01-20,2021-01-21,18.0,9.0,13.5
4013.0,Maricopa,Arizona,US,2021-01-20 05:21:54,33.34835867,-112.4918154,425844,6443,0,419401,"Maricopa, Arizona, US",9493.973131577151,1.5129953691962317,2021-01-20,2021-01-21,23.0,14.0,18.5
,,Moquegua,Peru,2021-01-20 05:21:54,-16.860271,-70.839046,16885,953,0,15932,"Moquegua, Peru",8762.324857291125,5.644062777613266,2021-01-20,2021-01-21,11.9,4.1,8.0
8029.0,Delta,Colorado,US,2021-01-20 05:21:54,38.86246243,-107.8631342,2130,41,0,2089,"Delta, Colorado, US",6835.2480585328285,1.9248826291079808,2021-01-20,2021-01-21,9.9,-3.1,3.4
1089.0,Madison,Alabama,US,2021-01-20 05:21:54,34.76327133,-86.55069633,27303,186,0,27117,"Madison, Alabama, US",7321.625383136368,0.6812438193605098,2021-01-20,2021-01-21,9.2,-1.4,3.9
1043.0,Cullman,Alabama,US,2021-01-20 05:21:54,34.13020303,-86.86888037,8094,105,0,7989,"Cullman, Alabama, US",9662.400916817878,1.2972572275759822,2021-01-20,2021-01-21,9.3,-0.1,4.6
13037.0,Calhoun,Georgia,US,2021-01-20 05:21:54,31.53169785,-84.62725131,486,12,0,474,"Calhoun, Georgia, US",7852.641783809985,2.469135802469136,2021-01-20,2021-01-21,19.9,4.6,12.25
51670.0,Hopewell,Virginia,US,2021-01-20 05:21:54,37.29186313,-77.29754684,1381,12,0,1369,"Hopewell, Virginia, US",6129.8770473611785,0.8689355539464156,2021-01-20,2021-01-21,11.5,-2.0,4.75
40147.0,Washington,Oklahoma,US,2021-01-20 05:21:54,36.71380786,-95.90514104,3877,68,0,3809,"Washington, Oklahoma, US",7524.210608030741,1.7539334537013154,2021-01-20,2021-01-21,9.7,-4.4,2.65
72081.0,Lares,Puerto Rico,US,2021-01-20 05:21:54,18.269035,-66.867236,473,0,0,473,"Lares, Puerto Rico, US",1948.4264293952876,0.0,2021-01-20,2021-01-21,28.4,20.7,24.55
56029.0,Park,Wyoming,US,2021-01-20 05:21:54,44.52157546,-109.5852825,2469,17,0,2452,"Park, Wyoming, US",8457.217236418443,0.688537869582827,2021-01-20,2021-01-21,-3.7,-10.4,-7.05
51041.0,Chesterfield,Virginia,US,2021-01-20 05:21:54,37.37373208,-77.58680140000001,16897,193,0,16704,"Chesterfield, Virginia, US",4789.371942335928,1.1422145943066817,2021-01-20,2021-01-21,9.4,-3.3,3.05
27117.0,Pipestone,Minnesota,US,2021-01-20 05:21:54,44.02301619,-96.25841142,944,23,0,921,"Pipestone, Minnesota, US",10344.07188253342,2.4364406779661016,2021-01-20,2021-01-21,-1.1,-13.9,-7.5
,,,Haiti,2021-01-20 05:21:54,18.9712,-72.2852,10852,240,8956,1656,Haiti,95.17183594206656,2.21157390342794,2021-01-20,2021-01-21,30.0,19.3,24.65
48215.0,Hidalgo,Texas,US,2021-01-20 05:21:54,26.39418217,-98.18299696,65653,2305,0,55710,"Hidalgo, Texas, US",6678.316164138196,3.9731104024821167,2021-01-20,2021-01-21,28.3,17.2,22.75
34027.0,Morris,New Jersey,US,2021-01-20 05:21:54,40.86095313,-74.54553709999998,28721,1019,0,27702,"Morris, New Jersey, US",5839.4412873974525,3.5479266042268724,2021-01-20,2021-01-21,4.0,-5.0,-0.5
51181.0,Surry,Virginia,US,2021-01-20 05:21:54,37.11781893,-76.88450012,294,5,0,289,"Surry, Virginia, US",4578.013080037372,1.7006802721088434,2021-01-20,2021-01-21,10.6,-1.7,4.45
29221.0,Washington,Missouri,US,2021-01-20 05:21:54,37.96130078,-90.87948158,2000,41,0,1959,"Washington, Missouri, US",8087.343307723413,2.05,2021-01-20,2021-01-21,5.6,-5.6,0.0
,,Kaluga Oblast,Russia,2021-01-20 05:21:54,54.4382773,35.5272854,24126,209,22039,1878,"Kaluga Oblast, Russia",2383.8601816500272,0.8662853353228882,2021-01-20,2021-01-21,-12.6,-19.3,-15.95
20175.0,Seward,Kansas,US,2021-01-20 05:21:54,37.19324632,-100.8507201,3636,32,0,3604,"Seward, Kansas, US",16968.452492066455,0.8800880088008801,2021-01-20,2021-01-21,17.8,-4.4,6.7
2240.0,Southeast Fairbanks,Alaska,US,2021-01-20 05:21:54,63.87692095,-143.2127643,414,3,0,411,"Southeast Fairbanks, Alaska, US",6006.093137966052,0.7246376811594203,2021-01-20,2021-01-21,-8.3,-15.6,-11.95
48489.0,Willacy,Texas,US,2021-01-20 05:21:54,26.47411727,-97.61535848,2222,69,0,1901,"Willacy, Texas, US",9223.710085213972,3.50253807106599,2021-01-20,2021-01-21,21.1,14.4,17.75
,,Akita,Japan,2021-01-20 05:21:54,39.748679,140.408228,219,1,164,54,"Akita, Japan",22.659313598692176,0.45662100456621,2021-01-20,2021-01-21,-1.0,-5.3,-3.15
,,Bahia,Brazil,2021-01-20 05:21:54,-12.5797,-41.7007,544324,9697,524194,10433,"Bahia, Brazil",3659.7973356397847,1.7814757387144422,2021-01-20,2021-01-21,32.6,18.9,25.75
,,Vladimir Oblast,Russia,2021-01-20 05:21:54,56.0503336,40.6561633,21668,598,18997,2073,"Vladimir Oblast, Russia",1572.039348867512,2.7598301642975818,2021-01-20,2021-01-21,-6.3,-15.9,-11.1
,,British Columbia,Canada,2021-01-20 05:21:54,53.7267,-127.6476,61912,1090,55099,5723,"British Columbia, Canada",1187.235189043502,1.7605633802816902,2021-01-20,2021-01-21,-3.7,-10.7,-7.2
17011.0,Bureau,Illinois,US,2021-01-20 05:21:54,41.40385234,-89.5283051,3004,72,0,2932,"Bureau, Illinois, US",9206.816231457644,2.396804260985353,2021-01-20,2021-01-21,1.7,-13.9,-6.1
,,Terengganu,Malaysia,2021-01-20 05:21:54,5.3117,103.1324,910,2,518,390,"Terengganu, Malaysia",72.79417646588273,0.2197802197802197,2021-01-20,2021-01-21,29.0,24.0,26.5
29199.0,Scotland,Missouri,US,2021-01-20 05:21:54,40.45214695,-92.14709064,234,3,0,231,"Scotland, Missouri, US",4773.561811505508,1.2820512820512822,2021-01-20,2021-01-21,7.8,-10.6,-1.4
55059.0,Kenosha,Wisconsin,US,2021-01-20 05:21:54,42.57639354,-88.04051686,15559,261,0,15298,"Kenosha, Wisconsin, US",9176.048737622448,1.6774856995950898,2021-01-20,2021-01-21,-0.3,-15.2,-7.75
22071.0,Orleans,Louisiana,US,2021-01-20 05:21:54,30.06971951,-89.92660315,24703,702,0,24001,"Orleans, Louisiana, US",6331.76468175853,2.841760110108084,2021-01-20,2021-01-21,20.0,11.1,15.55
55083.0,Oconto,Wisconsin,US,2021-01-20 05:21:54,45.02715345,-88.26807503,4459,49,0,4410,"Oconto, Wisconsin, US",11755.866069074613,1.098901098901099,2021-01-20,2021-01-21,-6.7,-16.7,-11.7
,,,Marshall Islands,2021-01-20 05:21:54,7.1315,171.1845,4,0,4,0,Marshall Islands,6.847790731515245,0.0,2021-01-20,2021-01-21,29.8,27.2,28.5
31145.0,Red Willow,Nebraska,US,2021-01-20 05:21:54,40.17556879999999,-100.476998,1077,9,0,1068,"Red Willow, Nebraska, US",10042.89444237225,0.8356545961002786,2021-01-20,2021-01-21,15.6,-9.9,2.85
36045.0,Jefferson,New York,US,2021-01-20 05:21:54,44.04200959,-75.94653457,3214,23,0,3191,"Jefferson, New York, US",2926.2341351494074,0.7156191661481021,2021-01-20,2021-01-21,-1.6,-11.9,-6.75
29103.0,Knox,Missouri,US,2021-01-20 05:21:54,40.12699751,-92.14780832,164,2,0,162,"Knox, Missouri, US",4142.460217226572,1.2195121951219512,2021-01-20,2021-01-21,8.1,-7.8,0.15
38045.0,LaMoure,North Dakota,US,2021-01-20 05:21:54,46.45681054,-98.53542355,494,17,0,480,"LaMoure, North Dakota, US",12283.737024221453,3.420523138832998,2021-01-20,2021-01-21,5.2,-7.0,-0.9
,,,Sierra Leone,2021-01-20 05:21:54,8.460555000000001,-11.779889,3030,77,2109,844,Sierra Leone,37.98427601405794,2.541254125412541,2021-01-20,2021-01-21,37.0,21.1,29.05
40117.0,Pawnee,Oklahoma,US,2021-01-20 05:21:54,36.31743373,-96.7033176,1363,18,0,1345,"Pawnee, Oklahoma, US",8323.155837811431,1.3206162876008805,2021-01-20,2021-01-21,7.8,-1.5,3.15
72041.0,Cidra,Puerto Rico,US,2021-01-20 05:21:54,18.173559,-66.161179,874,0,0,874,"Cidra, Puerto Rico, US",2281.567337562325,0.0,2021-01-20,2021-01-21,29.8,21.1,25.45
,,Acre,Brazil,2021-01-20 05:21:54,-9.0238,-70.812,45208,839,38970,5399,"Acre, Brazil",5126.001349305788,1.8558662183684305,2021-01-20,2021-01-21,30.7,20.7,25.7
21033.0,Caldwell,Kentucky,US,2021-01-20 05:21:54,37.14749129,-87.86948214,1071,18,0,1053,"Caldwell, Kentucky, US",8401.976935749588,1.680672268907563,2021-01-20,2021-01-21,6.1,-3.3,1.4
18079.0,Jennings,Indiana,US,2021-01-20 05:21:54,38.99588883,-85.62710784,1939,39,0,1900,"Jennings, Indiana, US",6991.166396250225,2.0113460546673543,2021-01-20,2021-01-21,5.0,-3.3,0.85
19187.0,Webster,Iowa,US,2021-01-20 05:21:54,42.42853483,-94.17987389,4697,71,0,4626,"Webster, Iowa, US",13082.107843137255,1.5116031509474133,2021-01-20,2021-01-21,4.4,-16.1,-5.85
,,,Luxembourg,2021-01-20 05:21:54,49.8153,6.1296,48975,560,46051,2364,Luxembourg,7823.782381433154,1.1434405308831035,2021-01-20,2021-01-21,9.0,0.0,4.5
6031.0,Kings,California,US,2021-01-20 05:21:54,36.07409056,-119.8159973,20157,143,0,20088,"Kings, California, US",13228.06329279456,0.706836043695319,2021-01-20,2021-01-21,18.9,2.8,10.85
,,Andalusia,Spain,2021-01-20 05:21:54,37.5443,-4.7278,327415,5600,10671,311144,"Andalusia, Spain",3885.122407194148,1.7103675763175177,2021-01-20,2021-01-21,12.6,5.6,9.1
19131.0,Mitchell,Iowa,US,2021-01-20 05:21:54,43.35638371,-92.78887719,1162,34,0,1128,"Mitchell, Iowa, US",10976.761760816173,2.9259896729776247,2021-01-20,2021-01-21,0.0,-17.8,-8.9
